Time ms,Altitude m,ADXL X Acceleration,ADXL Y Acceleration,ADXL Z Acceleration,
1581748678.4936051, -1.500022888532845, -0.274586, 2.196690, 10.042010
